fidelity,noise,seed,model,model_label,drift_delta,ambiguous_accuracy,test_accuracy,path_contrast,directed_contrast,spearman_drift,spearman_bifurc
0.75,0.25,1000,Additive,Additive,-0.4471635150166852,0.5922,0.8929001203369434,0.44951481987955066,4.240447318553924,0.6271585682055505,0.4957796844555519
0.75,0.25,1000,Joint,Token-Time,-0.532035595105673,0.5974,0.8712394705174489,0.697203199006617,5.299816686287523,0.8135864677689225,0.789981309406296
0.75,0.25,1001,Additive,Additive,-0.6159663865546219,0.5562,0.9133663366336634,0.4338694686690969,7.737143577800856,0.7740423471760887,0.6558360640778903
0.75,0.25,1001,Joint,Token-Time,-0.6978991596638656,0.5932,0.8849009900990099,0.2075271747178502,10.001445316606096,0.8199119290681741,0.7109055460437039
0.75,0.25,1002,Additive,Additive,-0.5521889400921658,0.538,0.8895859473023839,-0.2658568453043699,4.780614370107651,0.8551615751091818,0.7124408133301829
0.75,0.25,1002,Joint,Token-Time,-0.5910138248847927,0.59,0.877038895859473,0.10476003674557433,7.079893900081515,0.9239993569089544,0.836494593390802
0.75,0.25,1003,Additive,Additive,-0.5977272727272727,0.5918,0.8910891089108911,-0.017474671424780652,3.8402352210444715,0.8974976964297655,0.8056423677068082
0.75,0.25,1003,Joint,Token-Time,-0.5071428571428572,0.6094,0.8898514851485149,0.008721701412772287,3.2115587060236273,0.867309597075882,0.7765933201792323
0.75,0.25,1004,Additive,Additive,-0.6336206896551724,0.5668,0.8735632183908046,0.5885584373692319,6.283819331181427,0.92103502946921,0.8485451314552478
0.75,0.25,1004,Joint,Token-Time,-0.5851293103448276,0.5906,0.8352490421455939,0.6047275213022081,2.5885548706329065,0.8668767315108162,0.798907987773803
0.75,0.25,1005,Additive,Additive,-0.6427419354838708,0.5692,0.8814627994955864,-0.7711028389632704,4.463567980006337,0.9006483502756859,0.8205838699436407
0.75,0.25,1005,Joint,Token-Time,-0.5496975806451612,0.637,0.8461538461538461,-0.6235891723539679,3.61455866470933,0.9340167374237891,0.833326579763451
0.75,0.25,1006,Additive,Additive,-0.6234126984126984,0.586,0.8823529411764706,0.02890475725548125,2.9072695887751063,0.8913461196576599,0.8158759286327557
0.75,0.25,1006,Joint,Token-Time,-0.552116402116402,0.6022,0.8657289002557544,-0.0007808927556554046,0.5814653850264015,0.8690386210255909,0.7188205049888226
0.75,0.25,1007,Additive,Additive,-0.5520202020202019,0.5968,0.8646616541353384,-0.3481781216338278,2.783873836696147,0.9487053508741423,0.8478102139088772
0.75,0.25,1007,Joint,Token-Time,-0.5597643097643099,0.6372,0.843358395989975,-0.7086549289524555,4.452242399752141,0.6885192594196597,0.6379724681493875
0.75,0.25,1008,Additive,Additive,-0.6090659340659341,0.5686,0.8940886699507389,0.09643896669149399,2.3165789283812046,0.8560398512133528,0.842019990472018
0.75,0.25,1008,Joint,Token-Time,-0.6560439560439562,0.5976,0.8891625615763546,1.1318751547485588,4.926237886399031,0.878454868949498,0.80261727162512
0.75,0.25,1009,Additive,Additive,-0.64002849002849,0.611,0.862796833773087,-1.0417687294502107,3.444774085803637,0.9433794251872563,0.8652956252339681
0.75,0.25,1009,Joint,Token-Time,-0.4894586894586893,0.6492,0.8601583113456465,-0.39162863826467853,1.7555645674703602,0.8835461877740312,0.8490614445438514
0.75,0.25,1010,Additive,Additive,-0.6427339901477832,0.6106,0.8762626262626263,-0.42907504219975756,4.057212872637644,0.9208358333333756,0.8418387911589491
0.75,0.25,1010,Joint,Token-Time,-0.6312807881773398,0.6068,0.8762626262626263,-0.6025279720003405,7.632272513376343,0.8228342487784864,0.7388924838540973
0.75,0.25,1011,Additive,Additive,-0.6458620689655172,0.5844,0.8740554156171285,-0.7825092461167111,6.305354729294779,0.968095968544793,0.895586437375918
0.75,0.25,1011,Joint,Token-Time,-0.6119540229885057,0.5702,0.871536523929471,-0.9317281472807131,5.335564663012821,0.9333220196741427,0.901333885471867
0.75,0.25,1012,Additive,Additive,-0.602922077922078,0.5946,0.8774752475247525,-0.435956037003133,5.750816673537096,0.9044785347340698,0.7861680849550059
0.75,0.25,1012,Joint,Token-Time,-0.6360389610389612,0.6262,0.8391089108910891,0.3938624534859425,6.650322566429773,0.9321338831303722,0.7986065673647206
0.75,0.25,1013,Additive,Additive,-0.4671658986175114,0.5906,0.8807106598984772,-0.1849926511446638,0.5980276465415955,0.9038788937915909,0.8496178372568199
0.75,0.25,1013,Joint,Token-Time,-0.5694700460829494,0.6238,0.8730964467005076,-0.10440462537937689,3.0289228591654034,0.8610540912205163,0.8057066907149053
0.75,0.25,1014,Additive,Additive,-0.6068965517241378,0.6426,0.8648648648648649,-0.6925457494216971,5.02240528203547,0.8968724702063827,0.8268630071232694
0.75,0.25,1014,Joint,Token-Time,-0.7275862068965515,0.59,0.8918918918918919,-1.2549514638725667,4.625782099924981,0.9355106987326767,0.8552039507499668
0.625,0.375,1000,Additive,Additive,-0.4636904761904762,0.6162,0.8597997138769671,-0.07137033653312486,2.6914452452744753,0.7091796409731643,0.4833465839949639
0.625,0.375,1000,Joint,Token-Time,-0.42797619047619045,0.628,0.8412017167381974,0.14092906881789014,3.5199543341994284,0.39450957839159184,0.06392855273424491
0.625,0.375,1001,Additive,Additive,-0.6288043478260867,0.602,0.8384728340675477,-0.8311998034478165,-2.7280128747224808,0.45386362022952415,0.35445322380582184
0.625,0.375,1001,Joint,Token-Time,-0.49800724637681143,0.6378,0.8046989720998532,-0.5881583844311535,-2.395724553614855,0.3903130472966814,0.2945153062271248
0.625,0.375,1002,Additive,Additive,-0.38711755233494355,0.5946,0.8290854572713643,-0.5627586668919005,6.237528819117754,0.03569935736314615,-0.058594335396592576
0.625,0.375,1002,Joint,Token-Time,-0.3476650563607087,0.6094,0.8305847076461769,-0.772021240244309,4.54887998198706,0.15459095696593925,-0.02656840141789977
0.625,0.375,1003,Additive,Additive,-0.2504444444444444,0.6004,0.8588235294117647,-0.3996175913517144,1.7346779773277894,0.6410132868182111,0.5632076638889941
0.625,0.375,1003,Joint,Token-Time,-0.23355555555555557,0.6092,0.85,-0.8031972216974412,-1.9857706659961314,0.2680441789090183,0.23092490876478394
0.625,0.375,1004,Additive,Additive,-0.5361904761904762,0.6008,0.8352941176470589,0.16167130693793297,8.122286142781377,0.8120210402477392,0.7427376975357778
0.625,0.375,1004,Joint,Token-Time,-0.5423809523809524,0.6078,0.85,0.0012090482438602557,2.7056788491706047,0.9457118194543354,0.8866506187708062
0.625,0.375,1005,Additive,Additive,-0.4207407407407407,0.6058,0.8371040723981901,-0.23321728071286563,1.041643076709338,0.8402710104571719,0.8252039841395142
0.625,0.375,1005,Joint,Token-Time,-0.5429629629629629,0.6356,0.7903469079939668,0.164812998447035,1.6288402215355928,0.7954781043597114,0.7354962750473858
0.625,0.375,1006,Additive,Additive,-0.49393939393939407,0.6072,0.8272727272727273,0.4783690603152433,-0.957958063317669,0.8739994266253438,0.8277663417018948
0.625,0.375,1006,Joint,Token-Time,-0.35670995670995687,0.667,0.7606060606060606,0.9258166734362021,-0.38871953181094554,0.9330755762152971,0.8406626847006204
0.625,0.375,1007,Additive,Additive,-0.51,0.6104,0.8352769679300291,-0.7731332778930664,1.213231285413106,0.8137530532964009,0.7578630739892336
0.625,0.375,1007,Joint,Token-Time,-0.5286363636363636,0.6364,0.8192419825072886,0.24907790641817762,1.291239086124632,0.8909787125681555,0.8677458121520244
0.625,0.375,1008,Additive,Additive,-0.47478260869565203,0.5948,0.8668596237337193,0.43050620175661525,1.3123959437722252,0.7023721236374584,0.7502040297034049
0.625,0.375,1008,Joint,Token-Time,-0.3940869565217391,0.637,0.8234442836468886,-0.13054009621578588,1.2842209565024518,0.8590609295555586,0.7868854315526094
0.625,0.375,1009,Additive,Additive,-0.45571428571428557,0.6126,0.8123028391167192,-1.0885985494990433,2.4265937959509234,0.5722923775732685,0.3141034555623322
0.625,0.375,1009,Joint,Token-Time,-0.31952380952380977,0.6502,0.8028391167192429,0.23672965674528057,4.31381526576089,0.6662713942328403,0.41104668939025163
0.625,0.375,1010,Additive,Additive,-0.5194444444444446,0.6208,0.8547655068078669,-0.5551896108580485,4.964488485029766,0.6803030642193674,0.5225326526896171
0.625,0.375,1010,Joint,Token-Time,-0.41435185185185164,0.6754,0.7912254160363086,-0.8068027417175472,1.150860520345823,0.9243189534543166,0.8539468764345279
0.625,0.375,1011,Additive,Additive,-0.4695804195804196,0.6156,0.8539493293591655,-0.32420756528154016,0.04981699865311384,0.8904743917946577,0.7939024404107812
0.625,0.375,1011,Joint,Token-Time,-0.4849650349650349,0.6368,0.7958271236959762,-0.36163129028864205,2.3965077488683164,0.9185311403030557,0.807599602294714
0.625,0.375,1012,Additive,Additive,-0.451818181818182,0.5928,0.8514115898959881,-0.4990641378930638,0.3348188275205235,0.8745426288874156,0.8270403174548285
0.625,0.375,1012,Joint,Token-Time,-0.39030303030303015,0.635,0.7949479940564635,-0.8585869637317955,0.9009669992540559,0.9599252494156196,0.8613208864572266
0.625,0.375,1013,Additive,Additive,-0.21304347826086967,0.6308,0.8280060882800608,0.30385761441928993,2.5984928719699383,0.53528313048487,0.38186334186778453
0.625,0.375,1013,Joint,Token-Time,-0.3130434782608694,0.596,0.852359208523592,0.2519731440448334,3.644057519999998,0.1615150161999011,0.10071919978397588
0.625,0.375,1014,Additive,Additive,-0.42992424242424243,0.6338,0.8195266272189349,0.3684816916606257,1.6397001392075001,0.6843603025151198,0.6637417811250647
0.625,0.375,1014,Joint,Token-Time,-0.41931818181818176,0.6244,0.7958579881656804,0.7673840512122423,1.6724586802135626,0.8788290670398518,0.8389761437546547
0.5,0.5,1000,Additive,Additive,-0.3606719367588933,0.6072,0.824468085106383,1.17709643766284,-3.9917058795690536,0.2117807203297565,0.1817712555066483
0.5,0.5,1000,Joint,Token-Time,-0.22786561264822147,0.6712,0.7606382978723404,0.3500181960562865,1.055723780145248,0.5319340835422588,0.2602097936365818
0.5,0.5,1001,Additive,Additive,-0.4295238095238096,0.6076,0.8495412844036697,0.566138056417306,36.93307920396328,0.29271577620256034,0.2197059550744597
0.5,0.5,1001,Joint,Token-Time,-0.09619047619047616,0.644,0.8055045871559633,0.4661647557591402,32.454283404598634,0.2178732940052162,0.0916115550741784
0.5,0.5,1002,Additive,Additive,-0.41485714285714287,0.577,0.8107074569789675,1.4885811435679597,0.8608168934782348,0.0016843608854452436,-0.04705200671370666
0.5,0.5,1002,Joint,Token-Time,-0.2857142857142857,0.5958,0.7858508604206501,0.9364171654606857,0.4500410297264654,0.20977448002879262,0.32957591172223744
0.5,0.5,1003,Additive,Additive,-0.1785714285714286,0.6054,0.8448905109489051,-0.7308542907703668,1.0422514658421278,0.786227945239692,0.5936166163518147
0.5,0.5,1003,Joint,Token-Time,-0.29285714285714265,0.6162,0.8485401459854015,-0.7169787352904677,-1.7392744338139892,0.7627325030313983,0.5851330517030078
0.5,0.5,1004,Additive,Additive,-0.2576923076923078,0.612,0.8150943396226416,0.5642939016688615,2.449568960815668,0.7887842680614805,0.5375236534106608
0.5,0.5,1004,Joint,Token-Time,-0.1663461538461538,0.6622,0.7943396226415095,0.9518596607570848,2.3762624363104505,0.7074386674904876,0.5693035937541464
0.5,0.5,1005,Additive,Additive,-0.3226708074534161,0.6262,0.8125,-1.591403653146699,-7.54575621150434,0.43496179751957065,0.4914275164633969
0.5,0.5,1005,Joint,Token-Time,-0.36537267080745345,0.6128,0.8181818181818182,-1.7003896687238012,-3.6998114436864853,0.7331500231459294,0.6783243684617506
0.5,0.5,1006,Additive,Additive,-0.38749999999999996,0.5914,0.8582089552238806,-0.9028959150115647,3.257404101391633,0.7498822384089661,0.7905617849254573
0.5,0.5,1006,Joint,Token-Time,-0.16249999999999998,0.649,0.7835820895522388,-0.04977721278555691,1.8371345214545722,0.32225900988638084,0.5321143752137223
0.5,0.5,1007,Additive,Additive,-0.15441176470588236,0.6202,0.7825278810408922,-0.43030217190583553,-1.2108985071380935,0.37260475403906657,0.48202997821882354
0.5,0.5,1007,Joint,Token-Time,-0.20499999999999996,0.5984,0.828996282527881,-0.21883812844753248,0.748600260913372,0.4182233652815114,0.2899765643352365
0.5,0.5,1008,Additive,Additive,-0.2823529411764707,0.601,0.8131868131868132,0.090869685821235,-2.9784956157207487,0.4823225405884527,0.2628600015756424
0.5,0.5,1008,Joint,Token-Time,-0.30374331550802136,0.5964,0.8168498168498168,1.0012034283950926,0.6979126431047913,0.7276862235662055,0.5771343230615067
0.5,0.5,1009,Additive,Additive,-0.2616071428571427,0.6078,0.8478260869565217,3.234902041964233,-0.3243751898407936,0.38770009007970374,0.3220126142018231
0.5,0.5,1009,Joint,Token-Time,-0.2839285714285715,0.6592,0.766798418972332,1.9387002773582935,6.98315766826272,0.24796834538578078,0.3161902924146099
0.5,0.5,1010,Additive,Additive,-0.20818414322250633,0.6174,0.8239700374531835,-0.9823429180930057,-8.320442726711432,0.17895051556319747,0.47835419791968103
0.5,0.5,1010,Joint,Token-Time,-0.3063938618925832,0.6462,0.7771535580524345,-1.5961640507758905,-0.4223768711090088,0.26839775427502643,-0.012848868331676219
0.5,0.5,1011,Additive,Additive,-0.2919999999999999,0.6176,0.8579234972677595,0.6910544870953479,-1.119498594743865,0.6773599518736204,0.5147338955069067
0.5,0.5,1011,Joint,Token-Time,-0.1413333333333333,0.6164,0.819672131147541,-0.9861173054469483,0.3405133592230931,0.6174296014597636,0.5534684677098565
0.5,0.5,1012,Additive,Additive,-0.18595238095238098,0.6356,0.7873873873873873,-0.3154837750519315,0.11921911040941868,0.7701801462512894,0.6841279472297332
0.5,0.5,1012,Joint,Token-Time,-0.3126190476190476,0.6428,0.7927927927927928,0.5777896910003619,0.011678770681221806,0.7393454234643857,0.7500578859673543
0.5,0.5,1013,Additive,Additive,-0.12268907563025222,0.6024,0.8029739776951673,-2.212698487302987,0.6035844348371029,0.736532620280568,0.5909301278956489
0.5,0.5,1013,Joint,Token-Time,-0.2602240896358544,0.6076,0.8252788104089219,-2.4006826903205365,-0.23232688754796982,0.6522574756520237,0.3877991257006314
0.5,0.5,1014,Additive,Additive,-0.13181818181818195,0.634,0.7851851851851852,-0.7277464911341669,5.604938225634396,0.23773103258393732,0.1996993694412261
0.5,0.5,1014,Joint,Token-Time,-0.24954545454545457,0.5948,0.8074074074074075,-0.8390288095921279,7.004464577138424,0.21937384661011095,0.11481366848551386
